,0
0,The Whirlwind Girl 2
1,Lovely Us
2,Who Are You
3,My Golden Life
4,Jugglers
5,The Legends
6,Love Better Than Immortality
7,Before We Get Married
8,Man to Man
9,Missing: The Other Side
10,The Crowned Clown
11,Stars Falling From the Sky
12,Love of Thousand Years
13,Cambrian Period
14,Romance is a Bonus Book
15,Flower Boy Next Door
16,Soul Mechanic
17,Why R U?
18,My Roommate is a Detective
19,To All The Guys Who Loved Me
20,Girlfriend
21,The Sweet Blood
22,Gen Y
23,My Girlfriend is an Alien
24,Oh My Venus
25,Lucky Romance
26,Thirty But Seventeen
27,Missing 9
28,A Love So Beautiful_x
29,"That Winter, The Wind Blows"
30,Heart to Heart
31,To The Beautiful You
32,Missing You
33,Count Your Lucky Stars
34,Someday or One Day
35,Ghost
36,The Legend of the Condor Heroes
37,"My Love, Enlighten Me"
38,The Prince of Tennis_x
39,"Cheat On Me, If You Can"
40,Don't Disturb My Study
41,Imitation
42,Faith
43,When the Camellia Blooms
44,Somewhere Only We Know
45,Drama Special Series Season 1: White Christmas
46,Dr. Romantic
47,Ouroboros
48,What the Duck
49,The Sleepless Princess
50,Zenkai Girl
51,Gap Dong
52,Circle
53,My Amazing Boyfriend
54,Watashitachi wa Douka Shiteiru
55,Mouse
56,When the Weather Is Fine
57,Gank Your Heart
58,Bloody Monday
59,Ho Goo's Love
60,Oh My General
61,Remember: War of the Son
62,Put Your Head on My Shoulder
63,Suspicious Partner
64,And the Winner is Love
65,My Girlfriend Is a Gumiho
66,Super Star Academy
67,Oh! My Sweet Liar!
68,ReminderS
69,The Legend of Jin Yan
70,Doctor Prisoner
71,Chicago Typewriter
72,Hwarang
73,The Romance of Tiger and Rose
74,Bel Ami
75,The Scholar Who Walks the Night
76,Kiss Goblin
77,While You Were Sleeping_x
78,En of Love: TOSSARA
79,Dong Yi
80,Prince of Lan Ling
81,My Lovely Sam Soon
82,A Korean Odyssey
83,The First Half of My Life
84,Radio Romance
85,Water Boyy
86,Chocolate
87,Well-Intended Love
88,A Love To Kill
89,Cross Fire
90,Itazura na Kiss: Love in Tokyo
91,1 Litre no Namida
92,Lost Love in Times
93,Story of Yanxi Palace
94,In Time With You_x
95,The Love by Hypnotic
96,Descendants of the Sun_x
97,The Moment
98,Catch the Ghost
99,Manner of Death
100,Detective L
101,What the Duck 2: Final Call
102,My Absolute Boyfriend
103,Well-Intended Love Season 2
104,Ma Boy
105,The Boy Next Door
106,That Man Oh Soo
107,Court Lady
108,Love and Destiny
109,I Don't Want To Be Friends With You
110,The Wolf
111,Fah Mee Tawan
112,High Society
113,Because This is My First Life
114,3 Will Be Free
115,The K2
116,Just Between Lovers
117,"Nee Sensei, Shiranai no?"
118,Algernon ni Hanataba o
119,Hua Jai Sila
120,School 2017
121,Big
122,Flower Boy Ramen Shop
123,Wild Chives and Soy Bean Soup: 12 Years Reunion
124,Secret
125,"Loving, Never Forgetting"
126,Dark Blue Kiss
127,The Big Boss
128,The Lies Within
129,I Picked Up a Star on the Road
130,Todome no Kiss
131,Trot Lovers
132,Mirror of the Witch
133,The Heiress
134,"Attention, Love!"
135,One More Time
136,With You_x
137,Jao Sao Jum Yorm
138,On The Way To The Airport
139,I Hear You
140,Lovestruck in the City
141,Hotel del Luna
142,A Tale of Thousand Stars
143,Kleun Cheewit
144,Money Flower
145,Love By Chance 2: A Chance to Love
146,LIFE
147,Iljimae
148,EXO Next Door
149,"Go Princess, Go!"
150,A Girl Like Me
151,Beloved Enemy
152,Master Devil Do Not Kiss Me 2
153,Sakristan
154,Maiden Holmes
155,Hanazakari no Kimitachi e
156,Warm and Cozy
157,Gu Family Book
158,Please Love Me
159,U-Prince:  The Handsome Cowboy
160,Class of Lies
161,Beyond Evil
162,Sungkyunkwan Scandal
163,Love in the Moonlight
164,The Whirlwind Girl
165,Doctor Stranger
166,7 First Kisses
167,Flipped
168,Ugly Duckling Series: Perfect Match
169,"Delightful Girl, Choon Hyang"
170,Dreaming Back to the Qing Dynasty
171,The Rise of Phoenixes
172,You Who Came from the Stars
173,Poisoned Love
174,Oxygen
175,Sassy Go Go
176,Mother_x
177,Haechi
178,The Hymn of Death
179,Tribes and Empires: Storm of Prophecy
180,A Love So Beautiful_y
181,The School Nurse Files
182,Goong
183,Prison Playbook
184,Twenty Again
185,Save Me
186,Kuzu no Honkai
187,When I Was the Most Beautiful
188,Your House Helper
189,Sweet Tai Chi
190,Gameboys
191,Chef Fang
192,Oh! My Emperor: Season One
193,The Shipper
194,Who Are You: School 2015
195,Crash Landing on You
196,Cunning Single Lady
197,Cruel City
198,Joy of Life
199,The Guardians
200,Pasta
201,Vincenzo
202,Good Morning Call
203,Fight For My Way
204,Koizora
205,Fall in Love_x
206,River Where the Moon Rises
207,Revolutionary Love
208,TharnType 2: 7 Years Of Love
209,The Beauty Inside
210,Plus Nine Boys
211,Love Shuffle
212,Mary Stayed Out All Night
213,The Greatest Love
214,Begin Again
215,Hana Yori Dango 2
216,High-end Crush
217,365: Repeat the Year
218,Chief Kim
219,Drama Special Series Season 3: Adolescence Medley
220,"Please Come Back, Mister"
221,Kimi wa Petto
222,Triad Princess
223,Love Designer
224,Kazoku Game
225,Moonshine and Valentine
226,Once Upon a Time in Lingjian Mountain
227,Winter Begonia
228,Mask_y
229,7th Grade Civil Servant
230,Alice
231,Nail Shop Paris
232,Switch Girl!!
233,Vampire Prosecutor
234,Splash Splash LOVE
235,He She It
236,Cinderella and the Four Knights
237,Boy For Rent
238,Ouran High School Host Club
239,Can You Hear My Heart
240,Ingredients
241,Marry Him If You Dare
242,My Love Eun Dong
243,Kingdom: Season 2
244,Hana Kimi Remake
245,Mother_y
246,Shanai Marriage Honey
247,Angel Eyes
248,They Kiss Again
249,En of Love: Love Mechanics
250,Here to Heart
251,About Is Love
252,Nirvana in Fire 2: The Wind Blows in Chang Lin
253,My Heroic Husband
254,L.U.C.A.: The Beginning
255,The Secret Life of My Secretary
256,Empress Ki
257,V.I.P
258,Love Keeps Going
259,Modern Farmer
260,I Love My President Though He's A Psycho
261,When a Snail Falls in Love
262,Best Wedding
263,Pornographer
264,SOTUS
265,Pretty Li Hui Zhen
266,Moon Lovers: Scarlet Heart Ryeo
267,Birth of a Beauty
268,Mr. Heart
269,Chugakusei Nikki
270,Touch Your Heart
271,Lucifer
272,Strangers from Hell
273,His - Koisuru Tsumori Nante Nakatta
274,Protect the Boss
275,My Country: The New Age
276,The Time We Were Not in Love
277,Imawa no Kuni no Alice
278,Time
279,Scent of a Woman
280,Six Flying Dragons
281,Prime Minister and I
282,Legend of Fu Yao
283,Itazura na Kiss: Love In Tokyo 2
284,"My Boss, My Hero"
285,More Than Friends
286,The Package
287,New Tales of Gisaeng
288,The Imperial Doctress
289,Theory of Love
290,Angel's Last Mission: Love
291,Oh! My Emperor: Season Two
292,Tale of the Nine-Tailed
293,Kakafukaka
294,Amore
295,30-sai made Dotei Da to Mahotsukai ni Nareru rashii
296,Twenty Years Old
297,My Dear Lady
298,Love O2O
299,To My Star
300,Shut Up: Flower Boy Band
301,In a Class of Her Own
302,Color Rush
303,An Oriental Odyssey
304,I'm Not a Robot
305,The Sword and The Brocade
306,Stranger_x
307,Fights Break Sphere: Season 1
308,2 Moons 2
309,Rooftop Prince
310,My Little Happiness
311,Fake Princess
312,Marriage Contract
313,Scarlet Heart
314,Something About 1 Percent
315,True Beauty
316,My ID Is Gangnam Beauty
317,The Good Detective
318,Wish You: Your Melody From My Heart
319,Love Revolution_x
320,I've Fallen For You
321,Untouchable Lovers
322,Extracurricular
323,I Told Sunset About You
324,Minami-kun no Koibito - My Little Lover
325,Love in Time_y
326,The Moon Brightens For You
327,Memories of the Alhambra
328,Autumn's Concerto
329,Friend Zone 2: Dangerous Area
330,"Meow, the Secret Boy"
331,Our Skyy
332,Nine: Nine Times Time Travel
333,Warrior Baek Dong Soo
334,"Marry Me, or Not?"
335,The King: Eternal Monarch
336,The Smile Has Left Your Eyes
337,The Guest
338,Sunshine of My Life
339,King2Hearts
340,Kiss Me
341,Baby-faced Beauty
342,Kingdom
343,Orange Days
344,It Started with a Kiss
345,Player
346,Hit the Top
347,Criminal Minds
348,Love in Time
349,SKY Castle
350,Someone Like You
351,Arang and the Magistrate
352,Nodame Cantabile
353,Lovely Writer
354,First Romance
355,Ossan's Love_y
356,In Family We Trust
357,Easy Fortune Happy Life
358,Nigeru wa Haji da ga Yaku ni Tatsu
359,General and I
360,Love (ft. Marriage and Divorce)
361,Into the Ring
362,Jang Ok Jung
363,Tumbling
364,Age of Youth
365,Replay: The Moment When It Starts Again
366,The Legend of Dugu
367,Liar Game_x
368,Asuko March!
369,Office Girls
370,Angry Mom
371,Backstreet Rookie
372,The Game: Towards Zero
373,Sweet Munchies
374,Wok of Love
375,Fabulous Boys
376,Rich Man
377,Tomorrow With You
378,Hana Kimi
379,Witch's Court
380,The Bride of Habaek
381,Medical Examiner Dr. Qin
382,The Crown Princess
383,Love Alarm
384,Born Again
385,Dr. Cutie
386,Nobody Knows
387,Hana Yori Dango
388,Suki na Hito ga Iru Koto
389,K-POP - The Ultimate Audition
390,Secret Love Affair
391,Fashion King
392,W
393,Lucky's First Love
394,Secret Queen Makers
395,Dame na Watashi ni Koishite Kudasai
396,Coffee House
397,Queen In Hyun's Man
398,Children of Nobody
399,Mr Honesty
400,The Eternal Love
401,WATCHER
402,Monstar
403,Dramaworld
404,I Am Your King 2
405,My Only Love Song
406,Bride of the Century
407,Reply 1988
408,The Flame's Daughter
409,Jealousy Incarnate
410,Mountains and Ocean
411,Hana Nochi Hare: HanaDan Next Season
412,The Penthouse: War in Life
413,Nirvana in Fire
414,Rattan
415,Another Miss Oh
416,Let's Eat
417,The Fiery Priest
418,Kairos
419,Love Rain
420,MARS
421,My Girlfriend
422,Second Chance
423,We Best Love: Fighting Mr. 2nd
424,Panda and Hedgehog
425,"Noble, My Love"
426,Hospital Playlist
427,Full House 
428,Senior Secret Love: Puppy Honey 2
429,Meteor Garden_x
430,Back to 1989
431,2Wish
432,"Marriage, Not Dating"
433,One Spring Night
434,Flavour It's Yours
435,Oh My Ghostess
436,Boku no Ita Jikan
437,Yamato Nadeshiko Shichi Henge
438,The Ghost Bride
439,Go Go Squid!
440,The King of Dramas
441,"I  Do, I Do"
442,2 Moons
443,Sisyphus: The Myth
444,Well Dominated Love
445,Cruel Romance
446,City Hunter
447,Tree of Heaven
448,Game Sanaeha
449,The King’s Avatar
450,About Time
451,Emergency Couple
452,Time Between Dog and Wolf
453,You're All Surrounded
454,The Blooms at Ruyi Pavilion
455,Beautiful Gong Shim
456,Eternal Love of Dream
457,Go Back Couple
458,Hotaru no Hikari
459,Nobleman Ryu's Wedding
460,Gokusen
461,When We Were Young_x
462,Goblin
463,Her Private Life
464,The Long Ballad
465,Lie to Me
466,Live On
467,Chef Hua
468,"Me too, Flower!"
469,"Kill Me, Heal Me"
470,Sweet First Love
471,You Are My Hero
472,My Lovely Girl
473,Strong Woman Do Bong Soon
474,Ashes of Love
475,Our Glamorous Time
476,Queen of Mystery
477,He's Coming to Me
478,Biscuit Teacher and Star Candy
479,The King's Woman
480,Reply 1994
481,Boku Dake ga Inai Machi
482,Midsummer Is Full of Love
483,My Mr. Mermaid
484,Two Weeks
485,Capture Lover
486,Naeil's Cantabile
487,History of the Salaryman
488,Queen Seon Duk
489,Devilish Joy
490,Forest
491,Flower of Evil
492,Top Management
493,Fairyland Lovers
494,Bad Guy
495,Eulachacha Waikiki
496,49 Days
497,SOTUS S
498,Chasing Ball
499,My Little Princess
500,Mama Fairy and the Woodcutter
501,Duel
502,The Emperor: Owner of the Mask
503,Operation Proposal
504,Kiss
505,Liar Game_y
506,Kimi Wa Petto
507,The Princess Wei Young
508,Private Lives
509,All I Want for Love is You
510,The Uncanny Counter
511,What's Wrong with Secretary Kim
512,You're Beautiful
513,Ancient Detective
514,Dream High
515,Bromance
516,He Is Psychometric
517,Chuno
518,Best Mistake
519,Signal
520,Misty
521,The Destiny of White Snake
522,HIStory3: Trapped
523,The Best Twins
524,All About My Romance
525,Princess Silver
526,Was It Love?
527,School 2013
528,Nobuta Wo Produce
529,My Girl_x
530,Secret Garden_y
531,Blood
532,Heavenly Sword and Dragon Slaying Sabre
533,My Secret Romance
534,A Little Thing Called First Love
535,Tokyo DOGS
536,Love and Redemption
537,Orange Marmalade
538,"3 Nen A Gumi: Ima kara Mina-san wa, Hitojichi Desu"
539,"It's Okay, That's Love"
540,A-Teen
541,Reply 1997
542,Where Stars Land
543,Coffee Prince
544,Uncontrollably Fond
545,Hot Stove League
546,I Need Romance 3
547,HIStory: Obsessed
548,Novoland: The Castle in the Sky 2
549,The Love Equations
550,She Was Pretty
551,Witch's Love
552,HIStory2: Crossing the Line
553,Find Me in Your Memory
554,Possessed
555,Guardian
556,Renascence
557,Surplus Princess
558,Love Scenery
559,Unrequited Love_x
560,Falling for Innocence
561,Legend of Awakening
562,Yanxi Palace: Princess Adventures
563,Cheese in the Trap
564,Princess Hours
565,The Perfect Match
566,My Holo Love
567,The Best of You in My Mind
568,Love Unexpected
569,Prosecutor Princess
570,My Youth
571,Miss in Kiss
572,Wednesday 3:30 PM
573,The Girl Who Sees Scents
574,Queen of Ambition
575,Under the Power
576,My Fellow Citizens!
577,Behind Your Smile
578,Busted
579,The Light in Your Eyes
580,Noble Aspirations
581,Hikaru no Go
582,The Brightest Star in the Sky
583,Killer And Healer
584,Missing Noir M
585,Boys Over Flowers
586,Dream High 2
587,Fighter of the  Destiny
588,Stairway to Heaven
589,Because of You_y
590,You Complete Me
591,You Make Me Dance
592,Sunny Happiness
593,A Piece of Your Mind
594,HIStory: Stay Away From Me
595,Hello Mr. Gu
596,Girls' Generation 1979
597,Sound of the Desert
598,Once Again
599,The Incarnation of Money
600,The Legend of Xiao Chuo
601,Ever Night: Season 2
602,Weaving a Tale of Love
603,Hajimete Koi wo Shita Hi ni Yomu Hanashi
604,Light on Series: The Bad Kids
605,Playful Kiss
606,Tempted
607,Girl From Nowhere
608,You are My Destiny_x
609,Only Side by Side with You
610,Tell Me What You Saw
611,My Dream
612,Mr. Queen
613,Make My Heart Smile
614,Go Ho's Starry Night
615,Doctors
616,Dinner Mate
617,Witch's Romance
618,Bad Romance
619,You are My Destiny_y
620,Bad Guys
621,Moon Embracing the Sun
622,My Dear Loser: Edge of 17
623,Master Devil Do Not Kiss Me
624,Sweet Combat
625,Love by Chance
626,'Cause You're My Boy
627,Dear My Friends
628,Awaken
629,Flower Crew: Joseon Marriage Agency
630,Radiant Office
631,The Eternal Love 2
632,Dream Knight
633,To.Jenny
634,You Are The Best!
635,The Undateables
636,My Engineer
637,Buzzer Beat
638,Forget You Remember Love
639,Ben X Jim
640,Skip Beat!
641,How to be Thirty
642,Memorist
643,Arthdal Chronicles Part 3: The Prelude To All Legends
644,Lie After Lie
645,Eulachacha Waikiki 2
646,Where Your Eyes Linger
647,Cinderella Chef
648,The World of the Married
649,Walk Into Your Memory
650,Friend Zone
651,Love is Sweet
652,Black Dog
653,Love Sick
654,Dating Agency: Cyrano
655,"I'm Tee, Me Too"
656,Black
657,Discovery of Romance
658,Dr. Romantic 2
659,My Strange Hero
660,Mystic Pop-Up Bar
661,Sweet Home
662,Ultimate Note
663,Can We Get Married?
664,A Gentleman's Dignity
665,Oh My Ladylord
666,Ex-Girlfriend Club
667,The Princess's Man
668,The Love Lasts Two Minds
669,Clean With Passion For Now
670,Hyena_y
671,So Wayree
672,Unrequited Love_y
673,Your Honor
674,Bloody Romance
675,100-manen no Onna-tachi
676,HIStory2: Right or Wrong
677,Winter Sonata
678,One More Happy Ending
679,Heartstrings
680,Ode to Joy
681,Summer's Desire_y
682,Tatta Hitotsu no Koi
683,The Legend of White Snake
684,Kill It
685,I Don't Love You Yet
686,Fated to Love You_x
687,Intense Love
688,Something in the Rain
689,My First First Love
690,Proposal Daisakusen
691,Drinking Solo
692,Weightlifting Fairy Kim Bok Joo
693,Listening Snow Tower
694,Ikemen Desu Ne
695,"Good Bye, My Princess"
696,Coffee & Vanilla
697,HIStory3: Make Our Days Count
698,Just You_x
699,It's Okay to Not Be Okay
700,God's Gift: 14 Days
701,Moon River
702,Handsome Siblings
703,Introverted Boss
704,Healer
705,Fall in Love With Me
706,Red Balloon
707,Search
708,Pinocchio
709,Forever Love
710,I Cannot Hug You
711,My Mister
712,Ugly Alert
713,Hi! School - Love On
714,Miss Hammurabi
715,Hi My Sweetheart
716,Moorim School
717,Because of You
718,Dark Blue and Moonlight
719,The Heirs
720,The Penthouse 2: War in Life
721,Go Ahead
722,A Poem a Day
723,Beautiful World
724,Meteor Garden_y
725,The Rebel Princess
726,The Twin Flower Legend
727,Just an Encore
728,Click Your Heart
729,Entertainer
730,Be Melodramatic
731,YYY
732,You're My Destiny
733,Thank You
734,Are You Human Too?
735,Koi wa Tsuzuku yo Doko Made mo
736,HIStory: My Hero
737,Too Late to Say I Love You
738,My Bromance_y
739,Accidentally in Love
740,The Effect
741,Page Turner
742,The Master's Sun
743,Cheongdamdong Alice
744,"Rich Man, Poor Woman"
745,Bangkok Love Stories 2: Innocence
746,Rookie Historian Goo Hae Ryung
747,Scripting Your Destiny
748,The Imperial Coroner
749,The Last Empress
750,Together with Me
751,9 End 2 Outs
752,My Beautiful Bride
753,Suits_y
754,Way Back Into Love
755,Kkondae  Intern
756,Quaranthings
757,The Chang'an Youth
758,Birthcare Center
759,What's Up?
760,When A Man's in Love
761,Dance of the Phoenix
762,Graceful Family
763,Record of Youth
764,The Empress of China
765,Be With You_y
766,"Hello, Me!"
767,Le Coup de Foudre
768,Life
769,Stranger 2
770,XX
771,Together with Me: The Next Chapter
772,100 Days My Prince
773,Black & White
774,Professional Single
775,Find Yourself
776,Where the Lost Ones Go
777,Call It What You Want
778,Come and Hug Me
779,Rugal
780,Love and Fortune
781,Encounter
782,Personal Taste
783,Advance Bravely
784,"Love, Now"
785,Move to Heaven
786,Life: Senjou no Bokura
787,Oh My Baby
788,Padam Padam
789,Strongest Deliveryman
790,Cinderella's Sister
791,Sweet Revenge
792,Voice_y
793,Great Men Academy
794,Live
795,"Que Sera, Sera_y"
796,My Unicorn Girl
797,Ever Night
798,Like in the Movies
799,Ice Fantasy
800,D-Day
801,Black Knight: The Man Who Guards Me
802,"I'm Sorry, I Love You"
803,Five Enough
804,Do You Like Brahms?
805,Familiar Wife
806,When My Love Blooms
807,I Will Never Let You Go
808,The Producers
809,Lost Romance
810,The Story of Ming Lan
811,I Need Romance
812,Nightmare Teacher
813,Psychopath Diary
814,IRIS
815,Love is All
816,Arsenal Military Academy
817,Doctor John
818,Dance of the Sky Empire
819,Terius Behind Me
820,Long Time No See
821,Skate Into Love
822,Hello Again!
823,Run On
824,General's Lady
825,Partners for Justice 2
826,Legend of Yun Xi
827,Atashinchi no Danshi
828,TharnType
829,She Would Never Know
830,The Night of the Comet
831,Douluo Continent
832,High School King of Savvy
833,Shopping King Louie
834,Love Me If You Dare
835,Abyss
836,Boss & Me_y
837,The Queen of SOP
838,City Hall
839,Make It Right 2
840,Avengers Social Club
841,Sprout
842,The Journey of Flower
843,Hello Monster
844,My Princess
845,Start-Up
846,My Husband in Law
847,Love Destiny
848,Nothing But Thirty
849,The Gifted
850,Yong Pal
851,Dal Ja's Spring
852,The Devil Punisher
853,Star of the Universe
854,The Spies Who Loved Me
855,Sweet Dreams
856,Jiu Liu Overlord
857,Life on Mars
858,The Bridal Mask
859,Maou
860,Sweet 18
861,The Tale of Nokdu
862,Good Morning Call: Our Campus Days
863,Love in Between
864,Wild Romance
865,TharnType Special: Our Final Love
866,Rebel: Thief Who Stole the People
867,Do Do Sol Sol La La Sol
868,The Romance of Hua Rong
869,Still 2gether
870,The Sleuth of Ming Dynasty
871,Project S: Skate Our Souls
872,"Your Highness, The Class Monitor"
873,Lawless Lawyer
874,The Happy Loner
875,Love Alarm 2
876,Age of Youth 2
877,Tunnel
878,Blacklist
879,I Order You
880,The Song of Glory
881,Queen of the Ring
882,My Girl_y.1
883,My Sunshine
884,Mr. Sunshine
885,Nice to Meet You_y
886,Live Up to Your Name
887,Devil Beside You
888,Good Doctor_x
889,"Smile, You"
890,18 Again
891,Full House
892,The Gifted: Graduation
893,My Gear And Your Gown
894,Ruyi's Royal Love in the Palace
895,Vagabond
896,Itaewon Class
897,The Mystic Nine
898,Shining Inheritance
899,Queen: Love And War
900,Pride
901,Murphy's Law of Love
902,2gether
903,Tonhon Chonlatee
904,Kao Waan Hai Noo Pen Sai Lub
905,Girl From Nowhere Season 2
906,"Hyde, Jekyll, Me"
907,Kiss Me Again
908,What Happens to My Family?
909,Arthdal Chronicles Part 1: The Children of Prophecy
910,Love Affairs in the Afternoon
911,38 Task Force
912,Novoland: The Castle in the Sky
913,The Innocent Man
914,The Legend of the Blue Sea
915,"Hi Bye, Mama!"
916,Senior Secret Love: Puppy Honey
917,Legend of Lu Zhen
918,Temperature of Love
919,Love with Flaws
920,5-ji Kara 9-ji Made
921,Last Cinderella
922,Sm:)e
923,Train
924,Mei-chan no Shitsuji
925,The Third Charm
926,What Happened in Bali
927,Moment at Eighteen
928,Go Go Squid 2: Dt. Appledog's Time
929,Defendant
930,Extraordinary You
931,Addicted Heroin
932,Battle of Changsha
933,Zombie Detective
934,Navillera
935,Search: WWW
936,Switched
937,"King of Baking, Kim Tak Goo"
938,Reunion: The Sound of the Providence
939,Misaeng: Incomplete Life
940,Hello Stranger
941,Doom at Your Service
942,Zettai BL ni Naru Sekai VS Zettai BL ni Naritakunai Otoko
943,My Father is Strange
944,Designated Survivor: 60 Days
945,Time Slip Dr. Jin
946,Perfume
947,Eternal Love
948,En of Love: This is Love Story
949,My Secret Hotel
950,Good Casting
951,My Forever Sunshine
952,Karn La Krang Neung…Nai Hua Jai
953,Persona
954,Dating in the Kitchen
955,Miss Truth
956,Down With Love
957,Perfect and Casual
958,Oh! My Lady
959,The Lover
960,Love Sick 2
961,Word of Honor
962,Refresh Man
963,A Beautiful Mind
964,HIStory4: Close to You
965,Jewel in the Palace
966,My Ambulance
967,Queen for Seven Days
968,Boys' Lockdown
969,You Drive Me Crazy
970,Nobunaga Concerto
971,Mad Dog
972,My Day
973,Fated to Love You_y
974,Hotel King
975,"Bring It On, Ghost"
976,The Untamed
977,Please Don't Date Him
978,Tra Barb See Chompoo
979,Itazura na Kiss
980,Zettai Kareshi
981,Full House Take 2
982,Legend of Fei
983,Le Jun Kai
984,Siege in Fog
985,Legend of Concubine Zhen Huan
986,Madame Antoine
987,Parallel Love
988,Myung Wol the Spy
989,The Liar and His Lover
990,I Hear Your Voice
991,Until We Meet Again
992,Melting Me Softly
993,Make It Right
994,Mood Indigo
995,We Best Love: No. 1 For You
996,Twenty-Twenty
997,My Fair Lady
998,Views of Love: Grey Rainbow
999,Princess Agents
1000,Solomon's Perjury
1001,When Time Stopped
