,drama_tags_list
0,/16955-the-whirlwind-girl-2
1,/52897-lovely-us
2,/7327-who-are-you-2013
3,/23949-my-golden-life
4,/25733-jugglers
5,/26760-the-legends
6,/31318-spring-flower-autumn-moon
7,/30619-before-we-get-married
8,/16977-man-to-man
9,/53101-missing
10,/30468-masquerade
11,/90-stars-falling-from-the-sky
12,/34088-the-killing-of-three-thousand-crows
13,/23492-cambrian-period
14,/30894-romance-is-a-bonus-book
15,/5626-flower-boy-next-door
16,/50943-soul-repairer
17,/32592-why-r-u-the-series
18,/34129-my-roommate-is-a-detective
19,/57159-the-guy-is-that-guy
20,/49215-girlfriend
21,/70629-the-sweet-blood
22,/54121-gen-y
23,/32804-my-girlfriend-is-an-alien
24,/15062-oh-my-venus
25,/17213-lucky-romance
26,/28327-thirty-but-seventeen
27,/15853-missing-9
28,/63483-a-love-so-beautiful
29,/5200-that-winter-the-wind-blows
30,/11582-heart-to-heart
31,/2278-to-the-beautiful-you
32,/5364-missing-you
33,/39181-the-exchange-luck
34,/39715-some-day-or-one-day
35,/3993-ghost-2012
36,/19556-the-legend-of-the-condor-heroes
37,/49953-my-love-enlighten-me
38,/31194-the-prince-of-tennis
39,/58595-when-the-wind-blows-and-dies
40,/61135-don-t-think-of-interrupting-my-studies
41,/75831-imitation
42,/3994-faith
43,/30911-when-camellia-blooms
44,/30362-exclusive-memory
45,/1460-drama-special-series-season-1-white-christmas
46,/19510-romantic-doctor-teacher-kim
47,/10952-ouroboros
48,/24890-what-the-duck-the-series
49,/58693-the-sleepless-princess
50,/2627-zenkai-girl
51,/8912-gap-dong
52,/22671-circle
53,/17399-my-amazing-boyfriend
54,/58565-watashitachi-wa-douka-shiteiru
55,/58953-mouse
56,/39601-i-ll-go-to-you-when-the-weather-is-nice
57,/30561-gank-your-heart
58,/14-bloody-monday
59,/12380-ho-goos-love
60,/20114-oh-my-general
61,/15789-remember-war-of-the-son
62,/31385-put-your-head-on-my-shoulder
63,/22602-suspicious-partner
64,/36267-and-the-winner-is-love
65,/31-my-girlfriend-is-a-gumiho
66,/19856-super-star-academy
67,/62635-oh-my-sweet-liar
68,/34078-reminders
69,/51219-feng-gui-si-shi-ge
70,/31283-doctor-prisoner
71,/22403-chicago-typewriter
72,/15931-hwarang-the-poet-warrior-youth
73,/38907-the-third-princess-from-the-rumors
74,/7352-bel-ami
75,/11844-scholar-who-walks-the-night
76,/58877-kiss-ghost
77,/21576-while-you-were-sleeping
78,/33785-en-of-love
79,/67-dong-yi
80,/4033-prince-of-lan-ling
81,/221-my-lovely-sam-soon
82,/24049-hwayuki
83,/24131-the-first-half-of-my-life
84,/26222-radio-romance
85,/22825-water-boyy-the-series
86,/32879-chocolate
87,/32725-how-boss-wants-to-marry-me
88,/152-a-love-to-kill
89,/33767-crossfire
90,/6535-itazura-na-kiss-love-in-tokyo
91,/2-1-litre-no-namida
92,/20288-lost-love-in-times
93,/28565-the-tale-of-yanxi-palace
94,/2957-in-time-with-you
95,/49481-the-love-by-hypnotic
96,/10904-descendants-of-the-sun
97,/55985-the-moment
98,/33538-catch-yoo-ryung
99,/58899-manner-of-death
100,/30757-detective-l
101,/29064-what-the-duck-2
102,/28040-romantic-comedy-king
103,/34227-well-intended-love-season-2
104,/5104-ma-boy
105,/22187-the-boy-next-door
106,/26079-that-man-oh-soo
107,/33630-the-glorious-tang-stratagem
108,/29240-the-fate-of-chen-xi
109,/51651-i-don-t-want-to-be-friends-with-you
110,/24662-the-wolf
111,/60397-fah-mee-tawan
112,/13848-high-society
113,/24678-because-this-is-my-first-life
114,/31871-3-will-be-free
115,/19048-the-k2
116,/24230-just-between-lovers
117,/51319-nee-sensei-shiranai-no
118,/13282-algernon-ni-hanataba-o
119,/27173-hua-jai-sila
120,/22477-school-2017
121,/4236-big
122,/2963-flower-boy-ramen-shop
123,/9420-wild-chives-and-soy-bean-soup-12-years-reunion
124,/7761-secret
125,/8259-loving-never-forgetting
126,/31858-dark-blue-kiss
127,/24794-the-big-boss
128,/33830-everyone-s-lies
129,/30800-i-picked-up-a-star-on-the-road
130,/26160-todome-no-kiss
131,/9850-lovers-of-music
132,/16997-mirror-of-the-witch
133,/51977-woman-generation
134,/20772-attention-love
135,/19916-the-day-after-we-broke-up
136,/16987-with-you
137,/27170-jao-sao-jum-yorm
138,/18618-on-the-way-to-the-airport
139,/29000-i-hear-you
140,/65277-love-way-of-urban-man-woman
141,/32925-hotel-del-luna
142,/49745-a-tale-of-a-thousand-stars
143,/13865-kleun-cheewit
144,/24767-money-flower
145,/52541-love-by-chance-2
146,/570-life
147,/118-iljimae-2008
148,/13542-exo-next-door
149,/16159-go-princess-go
150,/51973-wo-jiu-shi-zhe-ban-nu-zi
151,/24366-beloved-enemy
152,/22732-master-devil-do-not-kiss-me-2
153,/60203-sakristan
154,/40353-maiden-holmes
155,/2985-hanazakari-no-kimitachi-e
156,/13384-warm-and-cozy
157,/5577-gu-family-book
158,/38089-please-love-me
159,/16437-u-prince-the-series-the-handsome-cowboy
160,/33949-mr-fixed-term
161,/60911-monster
162,/39-sungkyunkwan-scandal
163,/16973-love-in-the-moonlight
164,/14214-the-whirlwind-girl
165,/8933-doctor-stranger
166,/21423-7-first-kisses
167,/32587-flipped
168,/13254-ugly-duckling-series-perfect-match
169,/142-delightful-girl-choon-hyang
170,/33098-dreaming-back-to-the-qing-dynasty
171,/21032-the-rise-of-phoenixes
172,/7398-you-who-came-from-the-stars
173,/53985-poisoned-love
174,/31915-oxygen-the-series
175,/15449-sassy-go-go
176,/312-mother
177,/29332-hatch
178,/28078-praise-of-death
179,/17023-tribes-and-empires-storm-of-prophecy
180,/24644-a-love-so-beautiful
181,/32566-nurse-teacher-ahn-eun-young
182,/38-goong
183,/22624-wise-prison-life
184,/14827-twenty-again
185,/22599-save-me
186,/21857-kuzu-no-honkai
187,/54445-when-i-was-the-most-beautiful
188,/28177-your-house-helper
189,/38607-sweet-tai-chi
190,/61173-gameboys
191,/23514-hua-jian-ti-hu-fang-da-chu
192,/26812-oh-my-emperor
193,/49747-the-shipper
194,/13386-who-are-you-school-2015
195,/35729-emergency-lands-of-love
196,/8911-cunning-single-lady
197,/6719-cruel-city
198,/28674-joy-of-life
199,/22409-the-guardians
200,/46-pasta
201,/61371-vincenzo
202,/16477-good-morning-call
203,/22472-fight-for-my-way
204,/43-koizora
205,/31142-fall-in-love
206,/68055-cut-to-heart
207,/24289-revolutionary-love
208,/56199-tharntype-2
209,/26295-the-beauty-inside
210,/10166-plus-nine-boys
211,/115-love-shuffle
212,/21-mary-stayed-out-all-night
213,/1548-the-greatest-love
214,/53735-we-started-dating-from-marriage
215,/2984-hana-yori-dango-2
216,/15126-high-end-crush
217,/50717-365-one-year-against-destiny
218,/20340-good-manager
219,/7073-drama-special-series-season-3-adolescence-medley
220,/15958-please-come-back-mister
221,/23-kimi-wa-petto
222,/31922-triad-princess
223,/40039-love-advanced-customization
224,/6068-kazoku-game-2013
225,/25154-the-first-love-of-the-man-who-was-thousand-years-old
226,/33252-once-upon-a-time-there-was-a-spirit-blade-mountain
227,/31618-winter-begonia
228,/13388-mask
229,/5463-7th-grade-civil-servant
230,/35199-hotel-alice
231,/6622-nail-shop-paris
232,/3167-switch-girl
233,/2961-vampire-prosecutor
234,/15550-splash-splash-love
235,/54495-he-she-it
236,/16119-cinderella-and-the-four-knights
237,/31867-boy-for-rent
238,/2235-ouran-high-school-host-club
239,/1369-can-you-hear-my-heart
240,/58765-ingredients
241,/7604-marry-him-if-you-dare
242,/13587-my-love-eun-dong
243,/32220-kingdom-2
244,/2219-hana-kimi-remake
245,/21308-mother
246,/77393-shanai-marijjihani
247,/9234-angel-eyes
248,/59-they-kiss-again
249,/56383-en-of-love-love-mechanics
250,/24039-here-to-heart
251,/28696-about-is-love
252,/20566-nirvana-in-fire-2-the-wind-blows-in-chang-lin
253,/61977-zhui-xu
254,/52269-luca
255,/28963-hitting-on-the-blind-boss
256,/7114-empress-ki
257,/33008-v-i-p
258,/2471-love-keeps-going
259,/10620-modern-farmer
260,/22484-i-love-my-president-though-hes-a-psycho
261,/18664-when-a-snail-falls-in-love
262,/10621-best-wedding
263,/30034-pornographer
264,/16667-sotus-the-series
265,/19444-pretty-li-hui-zhen
266,/15999-moon-lovers-scarlet-heart-ryeo
267,/11177-birth-of-a-beauty
268,/62919-mr-heart
269,/29908-chugakusei-nikki
270,/30817-touch-your-heart
271,/494-lucifer
272,/33075-strangers-from-hell
273,/54733-his-koi-suru-tsumori-nante-nakatta
274,/2658-protect-the-boss
275,/31328-my-country
276,/13482-the-time-we-were-not-in-love
277,/39537-imawa-no-kuni-no-arisu
278,/28710-time
279,/2659-scent-of-a-woman
280,/14324-six-flying-dragons
281,/8129-prime-minister-and-i
282,/23171-legend-of-fu-yao
283,/9306-itazura-na-kiss-love-in-tokyo-2
284,/98-my-boss-my-hero-2006
285,/57047-number-of-cases-to-go-from-friends-to-lovers
286,/19776-the-package
287,/283-new-tales-of-gisaeng
288,/9532-the-imperial-doctress
289,/31865-theory-of-love
290,/32362-love-of-my-life
291,/28898-oh-my-emperor-season-two
292,/52995-the-story-of-gumiho
293,/34162-kakafukaka
294,/63461-amore
295,/69463-30sai-made-doteida-to-mahotsukai-ni-narerurashi
296,/8579-twenty-years-old
297,/60413-my-dear-lady
298,/15031-love-o2o
299,/680749-to-my-star
300,/3132-shut-up-flower-boy-band
301,/34415-in-a-class-of-her-own
302,/680735-color-rush
303,/22866-an-oriental-odyssey
304,/24351-im-not-a-robot
305,/58945-jin-xin-si-yu
306,/21934-stranger
307,/22170-fights-break-sphere
308,/30962-2-moons-the-series-season-2
309,/3380-rooftop-prince
310,/54335-my-small-indeed-fortunate
311,/36819-counterfeit-crown-princess
312,/16311-marriage-contract
313,/2969-scarlet-heart
314,/18774-something-about-1-percent
315,/38627-true-beauty
316,/29185-my-id-is-gangnam-beauty
317,/51853-silence
318,/79341-wish-you-your-melody-in-my-heart
319,/60335-love-revolution
320,/51305-wait-young-master
321,/11462-untouchable-lovers
322,/34221-human-lessons
323,/55651-bkpp
324,/14558-minami-kun-no-koibito-my-little-lover
325,/49211-falling-in-love-with-you-in-the-contract-period
326,/39951-the-moon-bright-for-you
327,/28168-memories-of-the-alhambra
328,/81-autumns-concerto
329,/49793-friend-zone-2-dangerous-area
330,/32545-man-that-bakes-bread
331,/31121-our-skyy
332,/6081-nine-nine-times-time-travel
333,/2196-warrior-baek-dong-soo
334,/13606-marry-me-or-not
335,/35039-the-king-the-eternal-monarch
336,/23520-hundred-million-stars-from-the-sky
337,/28686-hand
338,/39519-if-you-re-well-it-s-a-fine-day
339,/3386-king2hearts
340,/14805-kiss-me
341,/1547-baby-faced-beauty
342,/22806-kingdom
343,/264-orange-days
344,/58-it-started-with-a-kiss
345,/28659-pan
346,/22605-hit-the-top
347,/22149-criminal-minds
348,/8748-love-in-time
349,/30740-sky-castle
350,/12469-someone-like-you
351,/3708-arang-and-the-magistrate
352,/32-nodame-cantabile
353,/61275-lovely-writer
354,/36013-first-romance
355,/27866-ossan-s-love
356,/30294-luead-khon-kon-jang
357,/216-easy-fortune-happy-life
358,/19702-nigeru-wa-haji-da-ga-yaku-ni-tatsu
359,/19028-general-and-i
360,/71059-untitled-im-sung-han-project
361,/55675-the-ballot
362,/5570-jang-ok-jung
363,/52-tumbling
364,/18896-age-of-youth
365,/72613-replay
366,/21475-the-legend-of-dogu
367,/11133-liar-game-2014
368,/1344-asuko-march
369,/2854-office-girls
370,/12647-angry-mom
371,/49709-convenience-store-venus
372,/38723-the-game-towards-midnight
373,/33431-midnight-snack-men-women
374,/28256-greasy-melo
375,/6015-fabulous-boys
376,/26135-rich-man-poor-woman
377,/18882-tomorrow-with-you
378,/343-hana-kimi
379,/24987-witchs-court
380,/19234-the-bride-of-habaek
381,/20284-medical-examiner-dr.-qin
382,/19808-the-crown-princess
383,/22126-love-alarm
384,/54921-born-again
385,/39301-dr-cutie
386,/35205-nobody-knows
387,/2983-hana-yori-dango-2005
388,/18546-suki-na-hito-ga-iru-koto
389,/3929-k-pop-the-ultimate-audition
390,/8929-secret-love-affair
391,/3228-fashion-king
392,/16589-w
393,/31239-the-world-owes-me-a-first-love
394,/29065-secret-queen-makers
395,/16001-dame-na-watashi-ni-koishite-kudasai
396,/111-coffee-house
397,/3985-queen-in-hyuns-man
398,/30967-red-moon-blue-sea
399,/49207-don-t-lie-to-your-lover
400,/24275-the-eternal-love
401,/33194-watcher
402,/6497-monstar
403,/16797-dramaworld
404,/33140-i-am-your-king-the-series-ii
405,/20396-my-only-love-song
406,/8539-bride-of-the-century
407,/13544-reply-1988
408,/21920-liehuo-ruge
409,/16565-jealousy-incarnate
410,/34411-mountains-and-oceans
411,/26771-hana-nochi-hare-hanadan-next-season
412,/53535-penthouse
413,/9025-nirvana-in-fire
414,/48685-si-teng
415,/16611-another-miss-oh
416,/8246-lets-eat
417,/29565-hot-blooded-priest
418,/58337-kairos
419,/3057-love-rain
420,/133-mars
421,/28597-my-girlfriend
422,/680869-second-chance
423,/74561-we-best-love-the-runner-up-strikes-back
424,/4518-panda-and-hedgehog
425,/15171-noble-my-love
426,/36269-doctor-playbook
427,/24-full-house-
428,/22703-senior-secret-love-puppy-honey-2
429,/141-meteor-garden
430,/16177-back-to-1989
431,/52427-2wish-the-series
432,/9803-marriage-not-dating
433,/32977-spring-night
434,/33029-instead-of-tipsy-why-not-get-drunk
435,/14213-oh-my-ghostess
436,/8507-boku-no-ita-jikan
437,/18-yamato-nadeshiko-shichi-henge
438,/40305-the-ghost-bride
439,/27467-go-go-squid
440,/4996-the-king-of-dramas
441,/3861-i-do-i-do
442,/22361-2-moons-the-series
443,/43827-sisyphus-the-myth
444,/52923-nai-he-boss-you-ru-he
445,/8963-cruel-romance
446,/1702-city-hunter-2011
447,/274-tree-of-heaven
448,/22066-game-sanaeha
449,/24018-the-kings-avatar
450,/24078-about-time
451,/8550-emergency-couple
452,/291-time-between-dog-and-wolf-2007
453,/9288-youre-all-surrounded
454,/38587-the-way-of-favours
455,/17219-beautiful-gong-shim
456,/26385-three-lives-three-worlds-the-pillow-book
457,/24863-go-back-couple
458,/74-hotaru-no-hikari
459,/694515-ryu-sun-bi-s-wedding-ceremony
460,/25-gokusen
461,/26895-ren-bu-biao-han-wang-shao-nian
462,/18452-goblin
463,/32293-her-private-life
464,/53953-princess-changge
465,/1605-lie-to-me
466,/62495-untitled
467,/52173-the-fires-of-cooking-hua-xiao-chu
468,/3027-me-too-flower
469,/10873-kill-me-heal-me
470,/50121-sweet-first-love
471,/49877-love-to-be-loved-by-you
472,/10846-my-lovely-girl
473,/18894-strong-woman-do-bong-soon
474,/23281-heavy-sweetness-ash-like-frost
475,/24203-our-glamorous-times
476,/22234-queen-of-mystery
477,/31880-he-s-coming-to-me
478,/239-biscuit-teacher-and-star-candy
479,/22292-the-kings-woman
480,/6753-reply-1994
481,/23222-boku-dake-ga-inai-machi
482,/49949-midsummer-is-full-of-hearts
483,/22162-my-mr.-mermaid
484,/7028-two-weeks
485,/34231-love-trap
486,/9127-naeils-cantabile
487,/3164-history-of-the-salaryman
488,/215-queen-seon-duk
489,/26979-devilish-joy
490,/33186-secret
491,/54625-flower-of-evil
492,/28800-top-management
493,/33720-in-peng-lai
494,/76-bad-guy-2010
495,/26644-eulachacha-waikiki
496,/288-49-days-2011
497,/22722-sotus-s-the-series
498,/32206-chasing-ball
499,/19806-my-little-princess
500,/27887-tale-of-gyerong-fairy
501,/22597-duel
502,/20806-the-emperor-owner-of-the-mask
503,/3152-operation-proposal
504,/16369-kiss-the-series
505,/40-liar-game
506,/18626-kimi-wa-petto
507,/15338-the-princess-wei-young
508,/57049-private-life
509,/49055-all-i-want-for-love-is-you
510,/62085-a-wonderful-rumor
511,/27885-why-secretary-kim
512,/2986-youre-beautiful
513,/36109-ancient-detective
514,/79-dream-high
515,/15664-bromance
516,/31342-psychometric-fellow
517,/137-chuno
518,/39461-best-mistake
519,/13239-signal
520,/24221-misty
521,/22500-the-destiny-of-white-snake
522,/30567-history3-trap
523,/30673-the-best-twins
524,/5955-all-about-my-romance
525,/28600-princess-silver
526,/49735-begin-again
527,/5571-school-2013
528,/2988-nobuta-wo-produce
529,/51207-my-girl
530,/8-secret-garden-2010
531,/11350-blood-2015
532,/22656-heavenly-sword-and-dragon-saber
533,/21465-my-secret-romance
534,/33645-a-little-thing-called-first-love
535,/28-tokyo-dogs
536,/39661-love-and-redemption
537,/13322-orange-marmalade
538,/32018-3-nen-a-gumi-ima-kara-minna-san-wa-hitojichi-desu
539,/9289-its-okay-thats-love
540,/29784-a-teen
541,/4689-reply-1997
542,/28621-incheon-airport-people
543,/2982-coffee-prince
544,/15320-uncontrollably-fond
545,/39221-stove-league
546,/8511-i-need-romance-3
547,/22646-history-obsessed
548,/31763-novoland-the-castle-in-the-sky-2
549,/36445-the-sweet-love-story
550,/15055-she-was-pretty
551,/29133-witch-s-love
552,/26354-history2-boundary-crossing
553,/50941-the-man-s-memory
554,/31254-possession
555,/26035-guardian
556,/31314-renascence
557,/10424-surplus-princess
558,/52895-love-scenery
559,/28323-unrequited-love
560,/12360-falling-for-innocence
561,/30926-legend-of-awakening
562,/53041-yanxi-palace-princess-adventures
563,/14457-cheese-in-the-trap
564,/15801-princess-hours
565,/21396-the-perfect-match
566,/32406-me-alone-and-you
567,/35325-the-best-of-you-in-my-mind
568,/62445-love-unexpected
569,/88-prosecutor-princess
570,/33795-wait-my-youth
571,/18519-miss-in-kiss
572,/22926-wednesday-330-p.m
573,/13103-the-girl-who-sees-scents
574,/4997-queen-of-ambition
575,/25650-beneath-the-embroidered-uniform
576,/32211-dear-citizens
577,/20938-behind-your-smile
578,/26034-the-culprit-is-you
579,/30917-dazzling
580,/16645-noble-aspirations
581,/45437-qi-hun
582,/24058-the-brightest-star-in-the-sky
583,/33779-hen-jun-bu-si-jiang-lou-yue
584,/12885-missing-noir-m
585,/2987-boys-over-flowers
586,/1701-dream-high-2
587,/18952-fighter-of-the-destiny
588,/240-stairway-to-heaven
589,/21020-because-of-you
590,/55061-rose-in-the-storm
591,/682933-you-make-me-dance
592,/760-sunny-happiness
593,/38491-half-of-half
594,/22647-history-stay-away-from-me
595,/53589-hello-mr-gu
596,/24479-girls-generation-1979
597,/3623-sound-of-the-desert
598,/44611-i-have-been-there-once
599,/5778-the-incarnation-of-money
600,/34637-the-legend-of-xiao-chuo
601,/32728-ever-night-season-2
602,/51573-da-tang-ming-yue
603,/31556-hajimete-koi-o-shita-hi-ni-yomu-hanashi
604,/51571-cat-s-cradle
605,/20-playful-kiss
606,/26230-love-game-the-great-seduction
607,/30290-girl-from-no-where-the-series
608,/31762-you-are-my-destiny
609,/23592-only-side-by-side-with-you
610,/39017-call-it-like-you-see-it
611,/28893-my-dream-the-series
612,/58365-queen-cheorin
613,/62223-make-my-heart-smile
614,/16921-go-hos-starry-night
615,/16192-doctors
616,/14028-lets-have-dinner-together
617,/9260-witchs-romance
618,/19644-bad-romance-the-series
619,/56399-you-are-my-destiny
620,/9916-bad-guys
621,/3079-the-moon-that-embraces-the-sun
622,/22783-my-dear-loser-series-edge-of-17
623,/22132-master-devil-do-not-kiss-me
624,/24095-sweet-combat
625,/27393-love-by-chance
626,/27681-my-tee
627,/15845-dear-my-friends
628,/53875-day-and-night
629,/33184-flower-crew-joseon-marriage-agency
630,/22236-radiant-office
631,/26226-the-eternal-love-2
632,/12591-dream-knight
633,/29389-to-jenny
634,/6064-you-are-the-best
635,/27950-handsome-guy-and-jung-eum
636,/26362-my-engineer
637,/49-buzzer-beat
638,/39955-frog-prince
639,/67711-benxjim
640,/1736-skip-beat
641,/40131-born-in-1985
642,/49999-memorist
643,/34667-arthdal-chronicles-season-3
644,/54715-lie-of-a-lie
645,/29322-eulachacha-waikiki-2
646,/59839-before-your-eyes-stop
647,/28676-cinderella-chef
648,/39975-the-married-life
649,/33459-walk-into-your-memory
650,/27352-friend-zone
651,/49871-love-is-sweet
652,/34245-black-dog
653,/10872-love-sick-the-series
654,/6699-dating-agency-cyrano
655,/63883-i-m-tee-me-too
656,/23772-black
657,/9849-discovery-of-romance
658,/38301-romantic-doctor-teacher-kim-2
659,/30767-revenge-is-back
660,/34539-ssang-gap-pocha
661,/34064-sweet-home
662,/51397-final-chronicles
663,/5533-can-we-get-married
664,/3570-a-gentlemans-dignity
665,/69915-oh-master
666,/13404-ex-girlfriend-club
667,/2591-the-princess-man
668,/32796-past-life-and-life
669,/26049-clean-with-passion-for-now
670,/36297-hyena
671,/38645-soh-wayree
672,/32445-unrequited-love
673,/28978-dear-judge
674,/27510-bloody-romance
675,/22885-100-manen-no-onna-tachi
676,/26352-history2-right-or-wrong
677,/298-winter-sonata
678,/15986-one-more-happy-ending
679,/1445-heartstrings
680,/15663-ode-to-joy
681,/209-summers-desire
682,/56-tatta-hitotsu-no-koi
683,/28057-legend-of-white-snake
684,/32296-blue-eye
685,/31692-boku-wa-mada-kimi-o-aisanai-koto-ga-dekiru
686,/9558-fated-to-love-you
687,/52317-intense-love
688,/25173-pretty-noona-who-buys-me-food
689,/30944-because-it-s-my-first-love
690,/80-proposal-daisakusen
691,/18980-drinking-solo
692,/19262-weightlifting-fairy-kim-bok-joo
693,/27314-ting-xue-lou
694,/2277-ikemen-desu-ne
695,/21684-good-bye-my-princess
696,/37567-coffee-vanilla
697,/30568-history3-miracle
698,/7183-just-you-2013
699,/49865-psycho-but-it-s-okay
700,/8791-gods-gift-14-days
701,/15227-moon-river
702,/27397-handsome-siblings
703,/21306-introverted-boss
704,/10814-healer
705,/9220-fall-in-love-with-me
706,/23718-red-balloon
707,/51325-the-search
708,/11074-pinocchio
709,/50395-forever-love
710,/24425-i-cannot-hug-you
711,/25172-my-ajusshi
712,/6827-ugly-alert
713,/10359-hi-school-love-on
714,/25559-ms.-hammurabi
715,/54-hi-my-sweetheart
716,/15087-moorim-school
717,/54451-because-of-you
718,/25985-dark-blue-and-moonlight
719,/6640-the-heirs
720,/680959-the-penthouse-season-2
721,/40911-go-ahead
722,/25174-you-who-forgot-poetry
723,/32507-beautiful-world
724,/23184-meteor-garden
725,/28037-emperor-phoenix
726,/32082-the-twin-flower-legend
727,/33083-just-an-encore
728,/17065-click-your-heart
729,/16827-entertainer
730,/26488-the-nature-of-a-melo
731,/58613-yyy
732,/20612-youre-my-destiny
733,/1217-thank-you
734,/22939-are-you-human-too
735,/51965-koi-wa-tsuzuku-yo-doko-made-mo
736,/22648-history-my-hero
737,/4738-too-late-to-say-i-love-you
738,/20502-my-bromance-the-series
739,/26841-accidentally-in-love
740,/32424-the-effect
741,/16002-page-turner
742,/6756-the-masters-sun
743,/5184-cheongdamdong-alice
744,/4412-rich-man-poor-woman
745,/30425-bangkok-rak-stories-2-mai-diang-sa
746,/33249-rookie-historian-goo-hae-ryun
747,/684919-writing-your-fate
748,/50135-the-imperial-coroner
749,/31193-an-empress-s-dignity
750,/22990-together-with-me-the-series
751,/471-9-end-2-outs
752,/14325-my-beautiful-bride
753,/25541-suits
754,/53733-way-back-into-love
755,/54683-old-school-intern
756,/65335-quaranthings
757,/33858-the-chang-an-youth
758,/58367-postnatal-care-center
759,/1699-whats-up
760,/6063-when-a-mans-in-love
761,/50097-shen-yi-feng-hou
762,/34105-graceful-family
763,/52015-youth-report
764,/9215-the-empress-of-china
765,/49155-be-with-you
766,/61327-hi
767,/27234-le-coup-de-foudre
768,/26974-life
769,/27361-stranger-2
770,/42045-blue-moon
771,/27601-together-with-me-the-next-chapter
772,/27392-hundred-days-husband
773,/369-black-white
774,/40061-professional-single
775,/30372-find-yourself
776,/26279-where-the-lost-ones-go
777,/64025-call-it-what-you-want
778,/27310-come-here-and-give-me-a-hug
779,/40113-rugal
780,/29950-koi-no-tsuki
781,/29722-boyfriend
782,/19-personal-taste
783,/20098-advance-bravely
784,/5375-love-now
785,/49231-move-to-heaven
786,/58273-life-senjou-no-bokura
787,/52839-oh-my-baby
788,/2937-padam-padam
789,/21664-strongest-deliveryman
790,/50-cinderellas-sister
791,/24407-sweet-revenge
792,/20378-voice
793,/31984-great-men-academy
794,/24015-live
795,/433-que-sera-sera
796,/49431-ice-hockey-girl
797,/27178-ever-night
798,/61655-like-in-the-movies
799,/15246-ice-fantasy
800,/14086-d-day
801,/25809-black-knight
802,/1146-im-sorry-i-love-you
803,/16220-five-enough
804,/56911-do-you-like-brahms
805,/27759-wife-that-i-know
806,/51155-the-most-beautiful-moment-in-life
807,/27606-legend-of-huabuo
808,/13445-the-producers
809,/59701-lost-romance
810,/23911-the-story-of-ming-lan
811,/2411-i-need-romance
812,/15646-nightmare-teacher
813,/37255-psychopath-diary
814,/47-iris
815,/49869-love-is-all
816,/30919-arsenal-military-academy
817,/32966-doctor-room
818,/49159-dance-of-the-sky
819,/27703-terius-behind-me
820,/26024-long-time-no-see
821,/34030-skate-into-love
822,/32152-hello-again
823,/58651-run-on
824,/42107-the-young-lady-of-the-general-s-house
825,/32917-partners-for-justice-2
826,/23956-legend-of-yun-xi
827,/22-atashinchi-no-danshi
828,/32555-tharntype-the-series
829,/58511-sunbae-don-t-put-on-that-lipstick
830,/33183-the-night-of-the-comet
831,/33701-douluo-continent
832,/9702-high-school-king-of-savvy
833,/19012-shopping-king-louis
834,/13857-love-me-if-you-dare
835,/30554-abyss
836,/8996-boss-me
837,/3573-the-queen-of-sop
838,/251-city-hall
839,/23102-make-it-right-2-the-series
840,/24353-avengers-social-club
841,/4667-sprout
842,/9219-the-journey-of-flower
843,/13476-hello-monster
844,/72-my-princess
845,/51909-sandbox
846,/29513-ok-keub-hak-ab-ruk-khun-samee
847,/23472-bpoop-phaeh-saniwaat
848,/37221-nothing-but-thirty
849,/27367-the-gifted
850,/14655-yong-pal
851,/1116-dal-jas-spring
852,/57253-skywatcher
853,/19950-star-of-the-universe
854,/58895-the-spy-who-loved-me
855,/25025-sweet-dreams
856,/33972-jiu-liu-overlord
857,/26949-life-on-mars
858,/3394-the-bridal-mask
859,/92-maou
860,/294-sweet-18
861,/34027-mung-bean-chronicles
862,/21854-good-morning-call-our-campus-days
863,/31267-an-inch-of-yearning
864,/3137-wild-romance
865,/54385-tharntype-special
866,/20782-rebel-thief-who-stole-the-people
867,/56655-dodosolsollalasol
868,/49959-one-night-bride
869,/61723-still-2gether
870,/33272-the-story-of-ming-dynasty
871,/24685-project-s-the-series-skate-our-souls
872,/24374-your-highness-the-class-monitor
873,/27441-lawless-attorney
874,/23442-the-happy-loner
875,/51007-love-alarm-season-2
876,/22516-age-of-youth-2
877,/21687-tunnel
878,/31863-blacklist
879,/14062-i-order-you
880,/33890-song-of-glory
881,/21312-queen-of-the-ring
882,/48-my-girl-2005
883,/9137-my-sunshine
884,/23920-mr.-sunshine
885,/30824-nice-to-meet-you
886,/23753-live-up-to-your-name-dr.-heo
887,/42-devil-beside-you
888,/7184-good-doctor
889,/138-smile-you
890,/52941-eighteen-again
891,/9828-full-house
892,/49743-the-gifted-graduation
893,/62815-my-gear-and-your-gown
894,/18756-ruyis-royal-love-in-the-palace
895,/28742-vagabond
896,/33898-itaewon-class
897,/16228-the-mystic-nine
898,/70-shining-inheritance
899,/39053-selection-girls-war
900,/491-pride
901,/13452-murphys-law-of-love
902,/39563-2gether-the-series
903,/61973-ton-hon-chon-tee
904,/28854-kao-waan-hai-noo-pen-sai-lub
905,/67107-girl-from-nowhere-season-2
906,/11514-hyde-jekyll-me
907,/27353-kiss-me-again
908,/9848-what-happens-to-my-family
909,/28116-aseudal
910,/33412-love-affairs-in-the-afternoon
911,/16393-38-task-force
912,/19450-novoland-the-castle-in-the-sky
913,/4295-the-innocent-man
914,/18816-the-legend-of-the-blue-sea
915,/49809-hello-mom
916,/17015-senior-secret-love-puppy-honey
917,/4269-legend-of-lu-zhen
918,/23390-temperature-of-love
919,/34239-people-with-flaws
920,/15460-5-ji-kara-9-ji-made
921,/6527-last-cinderella
922,/29231-sm-e
923,/52351-train
924,/29-mei-chan-no-shitsuji
925,/29421-third-charm
926,/1206-what-happened-in-bali
927,/31931-eighteen
928,/58373-my-dear
929,/19684-defendant
930,/33768-july-found-by-chance
931,/16549-addicted-heroin
932,/5591-battle-of-changsha
933,/61063-zombie-detective
934,/59381-navillera
935,/32007-www
936,/27564-sora-wo-kakeru-yodaka
937,/51-bread-love-and-dreams
938,/30581-the-lost-tomb-3
939,/10619-incomplete-life
940,/62467-hello-stranger
941,/61489-destruction
942,/689215-absolute-bl
943,/21846-my-father-is-strange
944,/32227-designated-survivor
945,/3686-time-slip-dr.-jin
946,/33185-perfume
947,/16547-eternal-love
948,/56385-en-of-love-this-is-love-story
949,/10698-my-secret-hotel
950,/36491-miss-casting
951,/48135-trab-fah-mee-tawan
952,/19968-karn-la-krang-neungnai-hua-jai
953,/33704-persona
954,/52139-like-you
955,/31391-miss-truth
956,/95-down-with-love
957,/54889-mr-perfect-and-miss-almost
958,/57-oh-my-lady
959,/13383-the-lover
960,/13253-love-sick-the-series-season-2
961,/59021-tian-ya-ke
962,/16495-refresh-man
963,/11690-a-beautiful-mind
964,/681839-history4-close-to-you
965,/263-jewel-in-the-palace
966,/31510-my-ambulance
967,/22875-queen-for-seven-days
968,/62473-boys-lockdown
969,/28300-you-drive-me-crazy
970,/10067-nobunaga-concerto
971,/24187-mad-dog
972,/61365-my-day
973,/747-fated-to-love-you
974,/9046-hotel-king
975,/18468-bring-it-on-ghost
976,/28723-the-untamed
977,/62539-please-don-t-meet-the-man
978,/27225-tra-barb-see-chompoo
979,/303-itazura-na-kiss
980,/37-zettai-kareshi
981,/3147-full-house-take-2
982,/27293-legend-of-fei
983,/6431-le-jun-kai
984,/19052-siege-in-fog
985,/4474-legend-of-concubine-zhen-huan
986,/15854-madame-antoine
987,/43079-parallel-love
988,/2389-myung-wol-the-spy
989,/21823-the-liar-and-his-lover
990,/6993-i-hear-your-voice
991,/33506-until-we-meet-again-the-series
992,/34063-let-me-melt
993,/17121-make-it-right-the-series
994,/33281-mood-indigo
995,/74567-we-best-love-forever-the-first
996,/57791-twenty-twenty
997,/100-my-fair-lady
998,/18451-grey-rainbow
999,/19464-princess-agents
1000,/20464-solomons-perjury
1001,/29516-that-time-when-time-stops
